{"cameraMode":{"drawMode":0,"name":"Shaded","section":"Shading Mode"},"sceneLighting":true,"audioPlay":false,"sceneViewState":{"m_AlwaysRefresh":false,"showFog":true,"showSkybox":true,"showFlares":true,"showImageEffects":true,"showParticleSystems":true,"showVisualEffectGraphs":true,"m_FxEnabled":true},"in2DMode":false,"pivot":{"x":-1.0146417617797852,"y":0.5388368368148804,"z":-3.088852882385254},"rotation":{"x":-0.03894040733575821,"y":0.6960448622703552,"z":-0.037821054458618167,"w":-0.7159752249717712},"size":7.218229293823242,"orthographic":false}