{"cameraMode":{"drawMode":0,"name":"Shaded","section":"Shading Mode"},"sceneLighting":true,"audioPlay":false,"sceneViewState":{"m_AlwaysRefresh":false,"showFog":true,"showSkybox":true,"showFlares":true,"showImageEffects":true,"showParticleSystems":true,"showVisualEffectGraphs":true,"m_FxEnabled":true},"in2DMode":false,"pivot":{"x":-0.04046207666397095,"y":0.7753199338912964,"z":0.3428536653518677},"rotation":{"x":0.20033538341522218,"y":0.5880064368247986,"z":-0.15327772498130799,"w":0.7685245275497437},"size":1.7179577350616456,"orthographic":false}